{"cameraMode":{"drawMode":0,"name":"Shaded","section":"Shading Mode"},"sceneLighting":true,"audioPlay":false,"sceneViewState":{"m_AlwaysRefresh":false,"showFog":true,"showSkybox":true,"showFlares":true,"showImageEffects":true,"showParticleSystems":true,"showVisualEffectGraphs":true,"m_FxEnabled":true},"in2DMode":false,"pivot":{"x":-1.8497648239135743,"y":-1.2719793319702149,"z":22.662755966186525},"rotation":{"x":0.11884090304374695,"y":-0.13948924839496613,"z":0.016837581992149354,"w":0.9829933047294617},"size":18.188488006591798,"orthographic":false}