{"cameraMode":{"drawMode":0,"name":"Shaded","section":"Shading Mode"},"sceneLighting":true,"audioPlay":false,"sceneViewState":{"m_AlwaysRefresh":false,"showFog":true,"showSkybox":true,"showFlares":true,"showImageEffects":true,"showParticleSystems":true,"showVisualEffectGraphs":true,"m_FxEnabled":true},"in2DMode":false,"pivot":{"x":13.353093147277832,"y":-2.294583320617676,"z":23.956708908081056},"rotation":{"x":0.13183142244815827,"y":0.03869001567363739,"z":-0.005174578633159399,"w":0.9905737042427063},"size":22.000076293945314,"orthographic":false}